name,sgRNA_Strand,Nucleotide_edits,guide_seq,guide_seq_fixed,amplicon_seq
T227I,sense,5,AAAACTATTTCTGTAATTCC,AAAACTATTTCTGTAATTCC,TTGTGGAAAGGACGAAACACCGACCTAGGCAATGTTTCAGCTCTTCGAACTTTCAGAGTCTTGAGAGCTTTGAAAACTATTTCtGTaATTCCAGGCCTGAAGACCATTGTGGGGGCCCTGATCCAGTCAGTGAAGAAGCTTTCTGATGTCATGATCTTGACTGTGTTCTGTCTAAGCGTGTTTGCGACAGTGCAGGGGAAAGAATAGTAGA
G223G_L234L,sense,78,CCAGGCCTGAAGACCATTGT,TCCAGGCCTGAAGACCATTG,TTGTGGAAAGGACGAAACACCGACCTAGGCAATGTTTCAGCTCTTCGAACTTTCAGAGTCTTGAGAGCTTTGAAAACTATTTCtGTaATTCCAGGCCTGAAGACCATTGTGGGGGCCCTGATCCAGTCAGTGAAGAAGCTTTCTGATGTCATGATCTTGACTGTGTTCTGTCTAAGCGTGTTTGCGACAGTGCAGGGGAAAGAATAGTAGA
D927N_M925I,antisense,48,AGTCATGCATGTGCCAGCGT,AGTCATGCATGTGCCAGCGT,TTGTGGAAAGGACGAAACACCGTGTGGTCGGCATGCAGCTCTTTGGTAAGAGCTACAAAGAATGTGTCTGCAAGATTTCCAATGATTGTGAACTCCCACGCTGGCACATGCATGACTTTTTCCACTCCTTCCTGATCGTGTTCCGCGTGCTGTGTGGAGAGTGGATAGAGACCATGTGGGACTGTATGGAGGTCGCTGGCCAAACCATGTGCCTTACTGTCTTCATGATGGTCATGGTGATTGGAAATCTAGTGGTTCTGAACCTCTTCTTGGCCTTGCACAGTGCAGGGGAAAGAATAGTAGA
V938I,antisense,57,ACAGCACGCGGAACACGATC,ACAGCACGCGGAACACGATC,TTGTGGAAAGGACGAAACACCGTGTGGTCGGCATGCAGCTCTTTGGTAAGAGCTACAAAGAATGTGTCTGCAAGATTTCCAATGATTGTGAACTCCCACGCTGGCACATGCATGACTTTTTCCACTCCTTCCTGATCGTGTTCCGCGTGCTGTGTGGAGAGTGGATAGAGACCATGTGGGACTGTATGGAGGTCGCTGGCCAAACCATGTGCCTTACTGTCTTCATGATGGTCATGGTGATTGGAAATCTAGTGGTTCTGAACCTCTTCTTGGCCTTGCACAGTGCAGGGGAAAGAATAGTAGA
E942K,antisense,57,TCCACTCTCCACACAGCACG,TCCACTCTCCACACAGCACG,TTGTGGAAAGGACGAAACACCGTGTGGTCGGCATGCAGCTCTTTGGTAAGAGCTACAAAGAATGTGTCTGCAAGATTTCCAATGATTGTGAACTCCCACGCTGGCACATGCATGACTTTTTCCACTCCTTCCTGATCGTGTTCCGCGTGCTGTGTGGAGAGTGGATAGAGACCATGTGGGACTGTATGGAGGTCGCTGGCCAAACCATGTGCCTTACTGTCTTCATGATGGTCATGGTGATTGGAAATCTAGTGGTTCTGAACCTCTTCTTGGCCTTGCACAGTGCAGGGGAAAGAATAGTAGA
W1276X,antisense,78,GTCTAGCCAGCACCAGGCAT,GTCTAGCCAGCACCAGGCAT,TTGTGGAAAGGACGAAACACCGTGCTGACAAGGTTTTCACTTACATATTCATTCTGGAAATGCTGCTAAAGTGGGTTGCATATGGTTTTCAAGTGTATTTTACCAATGCCTGGTGCTGGCTAGACTTCCTGATTGTTGATGTCTCACTGGTTAGCTTAACTGCAAATGCCTTGGGTTACTCAGAACTTGGTGCCATCAAATCCCTCAGAACAACAGTGCAGGGGAAAGAATAGTAGA
Q1479X,sense,4,CAACAGAAAAAGAAGTTTGG,CAACAGAAAAAGAAGTTTGG,TTGTGGAAAGGACGAAACACCGCCCAAGTATGAAGACAACCTGTACATGTATCTTTATTTTGTCATCTTTATTATTTTTGGTTCATTCTTTACCTTGAATCTTTTCATTGGTGTCATCATAGATAACTTCAACCAACAGAAAAAGAAGTTTGGAGGTCAAGACATTTTTATGACAGAAGAACAGAAGAAATACTACAATGCAATGAAAAAACTGGGTTCAAAGAAACCACAAAAACCCATACCTCGACCTGCTACAGTGCAGGGGAAAGAATAGTAGA
G1744R,antisense,4,CTCCTTTAACTGAGCTTCCA,CTCCTTTAACTGAGCTTCCA,TTGTGGAAAGGACGAAACACCGGCTGGCTGGGATGGATTGCTAGCACCTATTCTTAATAGTGGACCTCCAGACTGTGACCCTGACAAAGATCACCCTGGAAGCTCAGTTAAAGGAGACTGTGGGAACCCATCTGTTGGGATTTTCTTTTTTGTCAGTTACATCATCATATCCTTCCTGGTTGTGGTGAACATGTACATCGCGGTCATCCTGGAACAGTGCAGGGGAAAGAATAGTAGA
I1761I,sense,4,CATCATATCCTTCCTGGTTG,CATCATATCCTTCCTGGTTG,TTGTGGAAAGGACGAAACACCGAGTTAAAGGAGACTGTGGGAACCCATCTGTTGGGATTTTCTTTTTTGTCAGTTACATCATCATATCCTTCCTGGTTGTGGTGAACATGTACATCGCGGTCATCCTGGAGAACTTCAGTGTTGCTACTGAAGAAAGTGCAGAGCCTCTGAGTGAGGATGACACAGTGCAGGGGAAAGAATAGTAGA
M1770I,antisense,5,TGTACATGTTCACCACAACC,TGTACATGTTCACCACAACC,TTGTGGAAAGGACGAAACACCGAGTTAAAGGAGACTGTGGGAACCCATCTGTTGGGATTTTCTTTTTTGTCAGTTACATCATCATATCCTTCCTGGTTGTGGTGAACATGTACATCGCGGTCATCCTGGAGAACTTCAGTGTTGCTACTGAAGAAAGTGCAGAGCCTCTGAGTGAGGATGACACAGTGCAGGGGAAAGAATAGTAGA
